{
  "success":true,
  "terms":"https:\/\/currencylayer.com\/terms",
  "privacy":"https:\/\/currencylayer.com\/privacy",
  "timestamp":1589214906,
  "source":"USD",
  "quotes":{
    "USDAED":3.673098,
    "USDAFN":76.197435,
    "USDALL":114.965033,
    "USDAMD":486.019891,
    "USDANG":1.795239,
    "USDAOA":548.425991,
    "USDARS":67.367202,
    "USDAUD":1.543424,
    "USDAWG":1.8,
    "USDAZN":1.699682,
    "USDBAM":1.808041,
    "USDBBD":2.019413,
    "USDBDT":84.95641,
    "USDBGN":1.80939,
    "USDBHD":0.377578,
    "USDBIF":1906,
    "USDBMD":1,
    "USDBND":1.416963,
    "USDBOB":6.895955,
    "USDBRL":5.792697,
    "USDBSD":1.000139,
    "USDBTC":0.000113,
    "USDBTN":75.77647,
    "USDBWP":12.152345,
    "USDBYN":2.439958,
    "USDBYR":19600,
    "USDBZD":2.015993,
    "USDCAD":1.40269,
    "USDCDF":1810.000282,
    "USDCHF":0.97286,
    "USDCLF":0.029815,
    "USDCLP":822.787415,
    "USDCNY":7.098962,
    "USDCOP":3905.5,
    "USDCRC":567.598803,
    "USDCUC":1,
    "USDCUP":26.5,
    "USDCVE":102.249932,
    "USDCZK":25.446503,
    "USDDJF":177.720505,
    "USDDKK":6.900701,
    "USDDOP":55.150237,
    "USDDZD":128.801996,
    "USDEGP":15.755599,
    "USDERN":15.000019,
    "USDETB":33.669902,
    "USDEUR":0.925302,
    "USDFJD":2.24402,
    "USDFKP":0.810836,
    "USDGBP":0.811025,
    "USDGEL":3.204986,
    "USDGGP":0.810836,
    "USDGHS":5.749986,
    "USDGIP":0.810836,
    "USDGMD":51.449782,
    "USDGNF":9450.000187,
    "USDGTQ":7.706031,
    "USDGYD":209.54934,
    "USDHKD":7.750545,
    "USDHNL":25.000116,
    "USDHRK":6.998979,
    "USDHTG":106.31939,
    "USDHUF":323.861028,
    "USDIDR":14912.55,
    "USDILS":3.510498,
    "USDIMP":0.810836,
    "USDINR":75.92901,
    "USDIQD":1190,
    "USDIRR":42104.999833,
    "USDISK":146.808119,
    "USDJEP":0.810836,
    "USDJMD":143.57384,
    "USDJOD":0.708992,
    "USDJPY":107.687024,
    "USDKES":106.189914,
    "USDKGS":77.999802,
    "USDKHR":4113.000057,
    "USDKMF":454.599098,
    "USDKPW":900.045836,
    "USDKRW":1223.72496,
    "USDKWD":0.309205,
    "USDKYD":0.833464,
    "USDKZT":420.86434,
    "USDLAK":8990.000129,
    "USDLBP":1513.196498,
    "USDLKR":188.275198,
    "USDLRD":198.40435,
    "USDLSL":18.545027,
    "USDLTL":2.95274,
    "USDLVL":0.60489,
    "USDLYD":1.420019,
    "USDMAD":9.855497,
    "USDMDL":17.952558,
    "USDMGA":3814.999865,
    "USDMKD":56.970218,
    "USDMMK":1398.687499,
    "USDMNT":2789.399719,
    "USDMOP":7.983915,
    "USDMRO":357.00003,
    "USDMUR":40.056232,
    "USDMVR":15.474628,
    "USDMWK":740.000138,
    "USDMXN":23.85157,
    "USDMYR":4.334011,
    "USDMZN":68.110226,
    "USDNAD":18.398692,
    "USDNGN":389.999765,
    "USDNIO":33.774962,
    "USDNOK":10.291202,
    "USDNPR":121.24243,
    "USDNZD":1.64773,
    "USDOMR":0.385061,
    "USDPAB":1.000139,
    "USDPEN":3.419503,
    "USDPGK":3.448501,
    "USDPHP":50.365503,
    "USDPKR":159.898408,
    "USDPLN":4.22005,
    "USDPYG":6548.370701,
    "USDQAR":3.64102,
    "USDRON":4.466804,
    "USDRSD":108.795032,
    "USDRUB":73.65345,
    "USDRWF":937.5,
    "USDSAR":3.756554,
    "USDSBD":8.336951,
    "USDSCR":17.544833,
    "USDSDG":55.301831,
    "USDSEK":9.881801,
    "USDSGD":1.41769,
    "USDSHP":0.810836,
    "USDSLL":9852.50062,
    "USDSOS":582.000407,
    "USDSRD":7.457981,
    "USDSTD":22051.386135,
    "USDSVC":8.751561,
    "USDSYP":513.02631,
    "USDSZL":18.534986,
    "USDTHB":32.159728,
    "USDTJS":10.266515,
    "USDTMT":3.51,
    "USDTND":2.907987,
    "USDTOP":2.3069,
    "USDTRY":7.073502,
    "USDTTD":6.762653,
    "USDTWD":29.868502,
    "USDTZS":2314.35954,
    "USDUAH":26.848688,
    "USDUGX":3793.482703,
    "USDUSD":1,
    "USDUYU":44.181188,
    "USDUZS":10110.000201,
    "USDVEF":9.987503,
    "USDVND":23400.5,
    "USDVUV":120.453902,
    "USDWST":2.774075,
    "USDXAF":606.38502,
    "USDXAG":0.064893,
    "USDXAU":0.00059,
    "USDXCD":2.70255,
    "USDXDR":0.733441,
    "USDXOF":605.498967,
    "USDXPF":110.624967,
    "USDYER":250.374994,
    "USDZAR":18.36041,
    "USDZMK":9001.197478,
    "USDZMW":18.627501,
    "USDZWL":322.000001
  }
}
